[
  {
    "id": "9a0027db-f1e1-4a27-915a-a559b3d66203",
    "data": [
      {
        "text": "to place an order",
        "userDefined": false
      }
    ],
    "isTemplate": false,
    "count": 0,
    "updated": 0
  },
  {
    "id": "0fd49897-c99e-495a-a28c-0200036744c0",
    "data": [
      {
        "text": "change of address",
        "userDefined": false
      }
    ],
    "isTemplate": false,
    "count": 0,
    "updated": 0
  },
  {
    "id": "b133a2e4-6c2a-4c6d-880f-19ff3d579864",
    "data": [
      {
        "text": "change order",
        "userDefined": false
      }
    ],
    "isTemplate": false,
    "count": 0,
    "updated": 0
  },
  {
    "id": "da99c2b2-0795-4dc5-b7f0-e3fde3f7c004",
    "data": [
      {
        "text": "order",
        "userDefined": false
      }
    ],
    "isTemplate": false,
    "count": 0,
    "updated": 0
  },
  {
    "id": "21941f4a-68ef-4063-9a81-8726e29b3040",
    "data": [
      {
        "text": "made an order",
        "userDefined": false
      }
    ],
    "isTemplate": false,
    "count": 0,
    "updated": 0
  },
  {
    "id": "b30e4011-40f4-4747-ab83-73f48483b287",
    "data": [
      {
        "text": "check an item",
        "userDefined": false
      }
    ],
    "isTemplate": false,
    "count": 0,
    "updated": 0
  },
  {
    "id": "83120d98-91cb-44b3-828f-b2ed3ceaec01",
    "data": [
      {
        "text": "because I cannot place my order",
        "userDefined": false
      }
    ],
    "isTemplate": false,
    "count": 0,
    "updated": 0
  },
  {
    "id": "af327dbb-cb4e-4bf1-9ebc-848815cd0e05",
    "data": [
      {
        "text": "because I cannot place my order",
        "userDefined": false
      }
    ],
    "isTemplate": false,
    "count": 0,
    "updated": 1513388274
  }
]