[
  {
    "id": "fd0a1f4d-bd35-474a-91b4-83174ed72808",
    "data": [
      {
        "text": "store hours in ",
        "userDefined": false
      },
      {
        "text": "hammersmith",
        "alias": "geo-city-gb",
        "meta": "@sys.geo-city-gb",
        "userDefined": true
      },
      {
        "text": " store",
        "userDefined": false
      }
    ],
    "isTemplate": false,
    "count": 0,
    "updated": 1513420418
  },
  {
    "id": "22c724e1-0d6c-4320-ad84-130553262016",
    "data": [
      {
        "text": "What are your store hours in ",
        "userDefined": false
      },
      {
        "text": "London",
        "alias": "geo-city-gb",
        "meta": "@sys.geo-city-gb",
        "userDefined": true
      }
    ],
    "isTemplate": false,
    "count": 0,
    "updated": 1513420418
  }
]