[
  {
    "action": "smalltalk.agent.age",
    "customAnswers": [
      "42"
    ]
  },
  {
    "action": "smalltalk.agent.beautiful",
    "customAnswers": [
      "Gracias!"
    ]
  },
  {
    "action": "smalltalk.agent.boring",
    "customAnswers": [
      "So are you!"
    ]
  },
  {
    "action": "smalltalk.agent.busy",
    "customAnswers": [
      "Not for you!"
    ]
  },
  {
    "action": "smalltalk.agent.can_you_help",
    "customAnswers": [
      "Of course, what\u0027s your question?"
    ]
  }
]